{
    "output": {
        "countries": [
            {
                "name": "China",
                "code": "CN",
                "actualCountryCode": "CN"
            },
            {
                "name": "Japan",
                "code": "JP",
                "actualCountryCode": "JP"
            },
            {
                "name": "South Korea",
                "code": "KR",
                "actualCountryCode": "KR"
            },
            {
                "name": "United States",
                "code": "US",
                "actualCountryCode": "US"
            },
            {
                "name": "India",
                "code": "IN",
                "actualCountryCode": "IN"
            },
            {
                "name": "Afghanistan",
                "code": "AF",
                "actualCountryCode": "AF"
            },
            {
                "name": "Aland Island",
                "code": "AX",
                "actualCountryCode": "AX"
            },
            {
                "name": "Albania",
                "code": "AL",
                "actualCountryCode": "AL"
            },
            {
                "name": "Algeria",
                "code": "DZ",
                "actualCountryCode": "DZ"
            },
            {
                "name": "American Samoa",
                "code": "AS",
                "actualCountryCode": "AS"
            },
            {
                "name": "Andorra",
                "code": "AD",
                "actualCountryCode": "AD"
            },
            {
                "name": "Angola",
                "code": "AO",
                "actualCountryCode": "AO"
            },
            {
                "name": "Anguilla",
                "code": "AI",
                "actualCountryCode": "AI"
            },
            {
                "name": "Antarctica",
                "code": "AQ",
                "actualCountryCode": "AQ"
            },
            {
                "name": "Antigua and Barbuda",
                "code": "AG",
                "actualCountryCode": "AG"
            },
            {
                "name": "Argentina",
                "code": "AR",
                "actualCountryCode": "AR"
            },
            {
                "name": "Armenia",
                "code": "AM",
                "actualCountryCode": "AM"
            },
            {
                "name": "Aruba",
                "code": "AW",
                "actualCountryCode": "AW"
            },
            {
                "name": "Australia",
                "code": "AU",
                "actualCountryCode": "AU"
            },
            {
                "name": "Austria",
                "code": "AT",
                "actualCountryCode": "AT"
            },
            {
                "name": "Azerbaijan",
                "code": "AZ",
                "actualCountryCode": "AZ"
            },
            {
                "name": "Bahamas",
                "code": "BS",
                "actualCountryCode": "BS"
            },
            {
                "name": "Bahrain",
                "code": "BH",
                "actualCountryCode": "BH"
            },
            {
                "name": "Bangladesh",
                "code": "BD",
                "actualCountryCode": "BD"
            },
            {
                "name": "Barbados",
                "code": "BB",
                "actualCountryCode": "BB"
            },
            {
                "name": "Belarus",
                "code": "BY",
                "actualCountryCode": "BY"
            },
            {
                "name": "Belgium",
                "code": "BE",
                "actualCountryCode": "BE"
            },
            {
                "name": "Belize",
                "code": "BZ",
                "actualCountryCode": "BZ"
            },
            {
                "name": "Benin",
                "code": "BJ",
                "actualCountryCode": "BJ"
            },
            {
                "name": "Bermuda",
                "code": "BM",
                "actualCountryCode": "BM"
            },
            {
                "name": "Bhutan",
                "code": "BT",
                "actualCountryCode": "BT"
            },
            {
                "name": "Bolivia",
                "code": "BO",
                "actualCountryCode": "BO"
            },
            {
                "name": "Bosnia and Herzegovina",
                "code": "BA",
                "actualCountryCode": "BA"
            },
            {
                "name": "Botswana",
                "code": "BW",
                "actualCountryCode": "BW"
            },
            {
                "name": "Bouvet Island",
                "code": "BV",
                "actualCountryCode": "BV"
            },
            {
                "name": "Brazil",
                "code": "BR",
                "actualCountryCode": "BR"
            },
            {
                "name": "British Virgin Islands",
                "code": "VG",
                "actualCountryCode": "VG"
            },
            {
                "name": "British Indian Ocean Territory",
                "code": "IO",
                "actualCountryCode": "IO"
            },
            {
                "name": "Brunei Darussalam",
                "code": "BN",
                "actualCountryCode": "BN"
            },
            {
                "name": "Bulgaria",
                "code": "BG",
                "actualCountryCode": "BG"
            },
            {
                "name": "Burkina Faso",
                "code": "BF",
                "actualCountryCode": "BF"
            },
            {
                "name": "Burundi",
                "code": "BI",
                "actualCountryCode": "BI"
            },
            {
                "name": "Cambodia",
                "code": "KH",
                "actualCountryCode": "KH"
            },
            {
                "name": "Cameroon",
                "code": "CM",
                "actualCountryCode": "CM"
            },
            {
                "name": "Canada",
                "code": "CA",
                "actualCountryCode": "CA"
            },
            {
                "name": "Cape Verde",
                "code": "CV",
                "actualCountryCode": "CV"
            },
            {
                "name": "Cayman Islands",
                "code": "KY",
                "actualCountryCode": "KY"
            },
            {
                "name": "Central African Republic",
                "code": "CF",
                "actualCountryCode": "CF"
            },
            {
                "name": "Chad",
                "code": "TD",
                "actualCountryCode": "TD"
            },
            {
                "name": "Chile",
                "code": "CL",
                "actualCountryCode": "CL"
            },
            {
                "name": "Macao SAR, China",
                "code": "MO",
                "actualCountryCode": "MO"
            },
            {
                "name": "Christmas Island",
                "code": "CX",
                "actualCountryCode": "CX"
            },
            {
                "name": "Cocos (Keeling) Islands",
                "code": "CC",
                "actualCountryCode": "CC"
            },
            {
                "name": "Colombia",
                "code": "CO",
                "actualCountryCode": "CO"
            },
            {
                "name": "Comoros",
                "code": "KM",
                "actualCountryCode": "KM"
            },
            {
                "name": "Congo (Brazzaville)",
                "code": "CG",
                "actualCountryCode": "CG"
            },
            {
                "name": "Congo (Kinshasa)",
                "code": "CD",
                "actualCountryCode": "CD"
            },
            {
                "name": "Cook Islands",
                "code": "CK",
                "actualCountryCode": "CK"
            },
            {
                "name": "Costa Rica",
                "code": "CR",
                "actualCountryCode": "CR"
            },
            {
                "name": "Côte d'Ivoire",
                "code": "CI",
                "actualCountryCode": "CI"
            },
            {
                "name": "Croatia",
                "code": "HR",
                "actualCountryCode": "HR"
            },
            {
                "name": "Cuba",
                "code": "CU",
                "actualCountryCode": "CU"
            },
            {
                "name": "Cyprus",
                "code": "CY",
                "actualCountryCode": "CY"
            },
            {
                "name": "Czech Republic",
                "code": "CZ",
                "actualCountryCode": "CZ"
            },
            {
                "name": "Denmark",
                "code": "DK",
                "actualCountryCode": "DK"
            },
            {
                "name": "Djibouti",
                "code": "DJ",
                "actualCountryCode": "DJ"
            },
            {
                "name": "Dominica",
                "code": "DM",
                "actualCountryCode": "DM"
            },
            {
                "name": "Dominican Republic",
                "code": "DO",
                "actualCountryCode": "DO"
            },
            {
                "name": "Ecuador",
                "code": "EC",
                "actualCountryCode": "EC"
            },
            {
                "name": "Egypt",
                "code": "EG",
                "actualCountryCode": "EG"
            },
            {
                "name": "El Salvador",
                "code": "SV",
                "actualCountryCode": "SV"
            },
            {
                "name": "Equatorial Guinea",
                "code": "GQ",
                "actualCountryCode": "GQ"
            },
            {
                "name": "Eritrea",
                "code": "ER",
                "actualCountryCode": "ER"
            },
            {
                "name": "Estonia",
                "code": "EE",
                "actualCountryCode": "EE"
            },
            {
                "name": "Ethiopia",
                "code": "ET",
                "actualCountryCode": "ET"
            },
            {
                "name": "Falkland Islands (Malvinas)",
                "code": "FK",
                "actualCountryCode": "FK"
            },
            {
                "name": "Faroe Islands",
                "code": "FO",
                "actualCountryCode": "FO"
            },
            {
                "name": "Fiji",
                "code": "FJ",
                "actualCountryCode": "FJ"
            },
            {
                "name": "Finland",
                "code": "FI",
                "actualCountryCode": "FI"
            },
            {
                "name": "France",
                "code": "FR",
                "actualCountryCode": "FR"
            },
            {
                "name": "French Guiana",
                "code": "GF",
                "actualCountryCode": "GF"
            },
            {
                "name": "French Polynesia",
                "code": "PF",
                "actualCountryCode": "PF"
            },
            {
                "name": "French Southern Territories",
                "code": "TF",
                "actualCountryCode": "TF"
            },
            {
                "name": "Gabon",
                "code": "GA",
                "actualCountryCode": "GA"
            },
            {
                "name": "Gambia",
                "code": "GM",
                "actualCountryCode": "GM"
            },
            {
                "name": "Georgia",
                "code": "GE",
                "actualCountryCode": "GE"
            },
            {
                "name": "Germany",
                "code": "DE",
                "actualCountryCode": "DE"
            },
            {
                "name": "Ghana",
                "code": "GH",
                "actualCountryCode": "GH"
            },
            {
                "name": "Gibraltar",
                "code": "GI",
                "actualCountryCode": "GI"
            },
            {
                "name": "Greece",
                "code": "GR",
                "actualCountryCode": "GR"
            },
            {
                "name": "Greenland",
                "code": "GL",
                "actualCountryCode": "GL"
            },
            {
                "name": "Grenada",
                "code": "GD",
                "actualCountryCode": "GD"
            },
            {
                "name": "Guadaloupe",
                "code": "GP",
                "actualCountryCode": "GP"
            },
            {
                "name": "Guam",
                "code": "GU",
                "actualCountryCode": "GU"
            },
            {
                "name": "Guatemala",
                "code": "GT",
                "actualCountryCode": "GT"
            },
            {
                "name": "Guernsey",
                "code": "GG",
                "actualCountryCode": "GG"
            },
            {
                "name": "Guinea",
                "code": "GN",
                "actualCountryCode": "GN"
            },
            {
                "name": "Guinea-Bissau",
                "code": "GW",
                "actualCountryCode": "GW"
            },
            {
                "name": "Guyana",
                "code": "GY",
                "actualCountryCode": "GY"
            },
            {
                "name": "Haiti",
                "code": "HT",
                "actualCountryCode": "HT"
            },
            {
                "name": "Heard and McDonald Islands",
                "code": "HM",
                "actualCountryCode": "HM"
            },
            {
                "name": "Holy See (Vatican City State)",
                "code": "VA",
                "actualCountryCode": "VA"
            },
            {
                "name": "Honduras",
                "code": "HN",
                "actualCountryCode": "HN"
            },
            {
                "name": "Hungary",
                "code": "HU",
                "actualCountryCode": "HU"
            },
            {
                "name": "Iceland",
                "code": "IS",
                "actualCountryCode": "IS"
            },
            {
                "name": "Indonesia",
                "code": "ID",
                "actualCountryCode": "ID"
            },
            {
                "name": "Iran, Islamic Republic of",
                "code": "IR",
                "actualCountryCode": "IR"
            },
            {
                "name": "Iraq",
                "code": "IQ",
                "actualCountryCode": "IQ"
            },
            {
                "name": "Ireland",
                "code": "IE",
                "actualCountryCode": "IE"
            },
            {
                "name": "Isle of Man",
                "code": "IM",
                "actualCountryCode": "IM"
            },
            {
                "name": "Israel",
                "code": "IL",
                "actualCountryCode": "IL"
            },
            {
                "name": "Italy",
                "code": "IT",
                "actualCountryCode": "IT"
            },
            {
                "name": "Jamaica",
                "code": "JM",
                "actualCountryCode": "JM"
            },
            {
                "name": "Jersey",
                "code": "JE",
                "actualCountryCode": "JE"
            },
            {
                "name": "Jordan",
                "code": "JO",
                "actualCountryCode": "JO"
            },
            {
                "name": "Kazakhstan",
                "code": "KZ",
                "actualCountryCode": "KZ"
            },
            {
                "name": "Kenya",
                "code": "KE",
                "actualCountryCode": "KE"
            },
            {
                "name": "Kiribati",
                "code": "KI",
                "actualCountryCode": "KI"
            },
            {
                "name": "Korea (North)",
                "code": "KP",
                "actualCountryCode": "KP"
            },
            {
                "name": "Kuwait",
                "code": "KW",
                "actualCountryCode": "KW"
            },
            {
                "name": "Kyrgyzstan",
                "code": "KG",
                "actualCountryCode": "KG"
            },
            {
                "name": "Lao PDR",
                "code": "LA",
                "actualCountryCode": "LA"
            },
            {
                "name": "Latvia",
                "code": "LV",
                "actualCountryCode": "LV"
            },
            {
                "name": "Lebanon",
                "code": "LB",
                "actualCountryCode": "LB"
            },
            {
                "name": "Lesotho",
                "code": "LS",
                "actualCountryCode": "LS"
            },
            {
                "name": "Liberia",
                "code": "LR",
                "actualCountryCode": "LR"
            },
            {
                "name": "Libya",
                "code": "LY",
                "actualCountryCode": "LY"
            },
            {
                "name": "Liechtenstein",
                "code": "LI",
                "actualCountryCode": "LI"
            },
            {
                "name": "Lithuania",
                "code": "LT",
                "actualCountryCode": "LT"
            },
            {
                "name": "Luxembourg",
                "code": "LU",
                "actualCountryCode": "LU"
            },
            {
                "name": "Macedonia, Republic of",
                "code": "MK",
                "actualCountryCode": "MK"
            },
            {
                "name": "Madagascar",
                "code": "MG",
                "actualCountryCode": "MG"
            },
            {
                "name": "Malawi",
                "code": "MW",
                "actualCountryCode": "MW"
            },
            {
                "name": "Malaysia",
                "code": "MY",
                "actualCountryCode": "MY"
            },
            {
                "name": "Maldives",
                "code": "MV",
                "actualCountryCode": "MV"
            },
            {
                "name": "Mali",
                "code": "ML",
                "actualCountryCode": "ML"
            },
            {
                "name": "Malta",
                "code": "MT",
                "actualCountryCode": "MT"
            },
            {
                "name": "Marshall Islands",
                "code": "MH",
                "actualCountryCode": "MH"
            },
            {
                "name": "Martinique",
                "code": "MQ",
                "actualCountryCode": "MQ"
            },
            {
                "name": "Mauritania",
                "code": "MR",
                "actualCountryCode": "MR"
            },
            {
                "name": "Mauritius",
                "code": "MU",
                "actualCountryCode": "MU"
            },
            {
                "name": "Mayotte",
                "code": "YT",
                "actualCountryCode": "YT"
            },
            {
                "name": "Mexico",
                "code": "MX",
                "actualCountryCode": "MX"
            },
            {
                "name": "Micronesia, Federated States of",
                "code": "FM",
                "actualCountryCode": "FM"
            },
            {
                "name": "Moldova",
                "code": "MD",
                "actualCountryCode": "MD"
            },
            {
                "name": "Monaco",
                "code": "MC",
                "actualCountryCode": "MC"
            },
            {
                "name": "Mongolia",
                "code": "MN",
                "actualCountryCode": "MN"
            },
            {
                "name": "Montenegro",
                "code": "ME",
                "actualCountryCode": "ME"
            },
            {
                "name": "Montserrat",
                "code": "MS",
                "actualCountryCode": "MS"
            },
            {
                "name": "Morocco",
                "code": "MA",
                "actualCountryCode": "MA"
            },
            {
                "name": "Mozambique",
                "code": "MZ",
                "actualCountryCode": "MZ"
            },
            {
                "name": "Myanmar",
                "code": "MM",
                "actualCountryCode": "MM"
            },
            {
                "name": "Namibia",
                "code": "NA",
                "actualCountryCode": "NA"
            },
            {
                "name": "Nauru",
                "code": "NR",
                "actualCountryCode": "NR"
            },
            {
                "name": "Nepal",
                "code": "NP",
                "actualCountryCode": "NP"
            },
            {
                "name": "Netherlands",
                "code": "NL",
                "actualCountryCode": "NL"
            },
            {
                "name": "Netherlands Antilles",
                "code": "AN",
                "actualCountryCode": "AN"
            },
            {
                "name": "New Caledonia",
                "code": "NC",
                "actualCountryCode": "NC"
            },
            {
                "name": "New Zealand",
                "code": "NZ",
                "actualCountryCode": "NZ"
            },
            {
                "name": "Nicaragua",
                "code": "NI",
                "actualCountryCode": "NI"
            },
            {
                "name": "Niger",
                "code": "NE",
                "actualCountryCode": "NE"
            },
            {
                "name": "Nigeria",
                "code": "NG",
                "actualCountryCode": "NG"
            },
            {
                "name": "Niue",
                "code": "NU",
                "actualCountryCode": "NU"
            },
            {
                "name": "Norfolk Island",
                "code": "NF",
                "actualCountryCode": "NF"
            },
            {
                "name": "Northern Mariana Islands",
                "code": "MP",
                "actualCountryCode": "MP"
            },
            {
                "name": "Norway",
                "code": "NO",
                "actualCountryCode": "NO"
            },
            {
                "name": "Oman",
                "code": "OM",
                "actualCountryCode": "OM"
            },
            {
                "name": "Pakistan",
                "code": "PK",
                "actualCountryCode": "PK"
            },
            {
                "name": "Palau",
                "code": "PW",
                "actualCountryCode": "PW"
            },
            {
                "name": "Palestinian Territory",
                "code": "PS",
                "actualCountryCode": "PS"
            },
            {
                "name": "Panama",
                "code": "PA",
                "actualCountryCode": "PA"
            },
            {
                "name": "Papua New Guinea",
                "code": "PG",
                "actualCountryCode": "PG"
            },
            {
                "name": "Paraguay",
                "code": "PY",
                "actualCountryCode": "PY"
            },
            {
                "name": "Peru",
                "code": "PE",
                "actualCountryCode": "PE"
            },
            {
                "name": "Philippines",
                "code": "PH",
                "actualCountryCode": "PH"
            },
            {
                "name": "Pitcairn",
                "code": "PN",
                "actualCountryCode": "PN"
            },
            {
                "name": "Poland",
                "code": "PL",
                "actualCountryCode": "PL"
            },
            {
                "name": "Portugal",
                "code": "PT",
                "actualCountryCode": "PT"
            },
            {
                "name": "Puerto Rico",
                "code": "PR",
                "actualCountryCode": "PR"
            },
            {
                "name": "Qatar",
                "code": "QA",
                "actualCountryCode": "QA"
            },
            {
                "name": "Reunion",
                "code": "RE",
                "actualCountryCode": "RE"
            },
            {
                "name": "Romania",
                "code": "RO",
                "actualCountryCode": "RO"
            },
            {
                "name": "Russian Federation",
                "code": "RU",
                "actualCountryCode": "RU"
            },
            {
                "name": "Rwanda",
                "code": "RW",
                "actualCountryCode": "RW"
            },
            {
                "name": "Saint-Barthélemy",
                "code": "BL",
                "actualCountryCode": "BL"
            },
            {
                "name": "Saint Helena",
                "code": "SH",
                "actualCountryCode": "SH"
            },
            {
                "name": "Saint Kitts and Nevis",
                "code": "KN",
                "actualCountryCode": "KN"
            },
            {
                "name": "Saint Lucia",
                "code": "LC",
                "actualCountryCode": "LC"
            },
            {
                "name": "Saint-Martin (French part)",
                "code": "MF",
                "actualCountryCode": "MF"
            },
            {
                "name": "Saint Pierre and Miquelon",
                "code": "PM",
                "actualCountryCode": "PM"
            },
            {
                "name": "Saint Vincent and Grenadines",
                "code": "VC",
                "actualCountryCode": "VC"
            },
            {
                "name": "Samoa",
                "code": "WS",
                "actualCountryCode": "WS"
            },
            {
                "name": "San Marino",
                "code": "SM",
                "actualCountryCode": "SM"
            },
            {
                "name": "Sao Tome and Principe",
                "code": "ST",
                "actualCountryCode": "ST"
            },
            {
                "name": "Saudi Arabia",
                "code": "SA",
                "actualCountryCode": "SA"
            },
            {
                "name": "Senegal",
                "code": "SN",
                "actualCountryCode": "SN"
            },
            {
                "name": "Serbia",
                "code": "RS",
                "actualCountryCode": "RS"
            },
            {
                "name": "Seychelles",
                "code": "SC",
                "actualCountryCode": "SC"
            },
            {
                "name": "Sierra Leone",
                "code": "SL",
                "actualCountryCode": "SL"
            },
            {
                "name": "Singapore",
                "code": "SG",
                "actualCountryCode": "SG"
            },
            {
                "name": "Slovakia",
                "code": "SK",
                "actualCountryCode": "SK"
            },
            {
                "name": "Slovenia",
                "code": "SI",
                "actualCountryCode": "SI"
            },
            {
                "name": "Solomon Islands",
                "code": "SB",
                "actualCountryCode": "SB"
            },
            {
                "name": "Somalia",
                "code": "SO",
                "actualCountryCode": "SO"
            },
            {
                "name": "South Africa",
                "code": "ZA",
                "actualCountryCode": "ZA"
            },
            {
                "name": "South Georgia and the South Sandwich Islands",
                "code": "GS",
                "actualCountryCode": "GS"
            },
            {
                "name": "South Sudan",
                "code": "SS",
                "actualCountryCode": "SS"
            },
            {
                "name": "Spain",
                "code": "ES",
                "actualCountryCode": "ES"
            },
            {
                "name": "Sri Lanka",
                "code": "LK",
                "actualCountryCode": "LK"
            },
            {
                "name": "Sudan",
                "code": "SD",
                "actualCountryCode": "SD"
            },
            {
                "name": "Suriname",
                "code": "SR",
                "actualCountryCode": "SR"
            },
            {
                "name": "Svalbard and Jan Mayen Island",
                "code": "SJ",
                "actualCountryCode": "SJ"
            },
            {
                "name": "Swaziland",
                "code": "SZ",
                "actualCountryCode": "SZ"
            },
            {
                "name": "Sweden",
                "code": "SE",
                "actualCountryCode": "SE"
            },
            {
                "name": "Switzerland",
                "code": "CH",
                "actualCountryCode": "CH"
            },
            {
                "name": "Syrian Arab Republic (Syria)",
                "code": "SY",
                "actualCountryCode": "SY"
            },
            {
                "name": "Taiwan, China",
                "code": "TW",
                "actualCountryCode": "TW"
            },
            {
                "name": "Tajikistan",
                "code": "TJ",
                "actualCountryCode": "TJ"
            },
            {
                "name": "Tanzania, United Republic of",
                "code": "TZ",
                "actualCountryCode": "TZ"
            },
            {
                "name": "Thailand",
                "code": "TH",
                "actualCountryCode": "TH"
            },
            {
                "name": "Timor-Leste",
                "code": "TL",
                "actualCountryCode": "TL"
            },
            {
                "name": "Togo",
                "code": "TG",
                "actualCountryCode": "TG"
            },
            {
                "name": "Tokelau",
                "code": "TK",
                "actualCountryCode": "TK"
            },
            {
                "name": "Tonga",
                "code": "TO",
                "actualCountryCode": "TO"
            },
            {
                "name": "Trinidad & Tobago",
                "code": "TT",
                "actualCountryCode": "TT"
            },
            {
                "name": "Tunisia",
                "code": "TN",
                "actualCountryCode": "TN"
            },
            {
                "name": "Turkey",
                "code": "TR",
                "actualCountryCode": "TR"
            },
            {
                "name": "Turkmenistan",
                "code": "TM",
                "actualCountryCode": "TM"
            },
            {
                "name": "Turks And Caicos Islands",
                "code": "TC",
                "actualCountryCode": "TC"
            },
            {
                "name": "Tuvalu",
                "code": "TV",
                "actualCountryCode": "TV"
            },
            {
                "name": "Uganda",
                "code": "UG",
                "actualCountryCode": "UG"
            },
            {
                "name": "Ukraine",
                "code": "UA",
                "actualCountryCode": "UA"
            },
            {
                "name": "United Arab Emirates",
                "code": "AE",
                "actualCountryCode": "AE"
            },
            {
                "name": "United Kingdom",
                "code": "GB",
                "actualCountryCode": "GB"
            },
            {
                "name": "US Minor Outlying Islands",
                "code": "UM",
                "actualCountryCode": "UM"
            },
            {
                "name": "Uruguay",
                "code": "UY",
                "actualCountryCode": "UY"
            },
            {
                "name": "Uzbekistan",
                "code": "UZ",
                "actualCountryCode": "UZ"
            },
            {
                "name": "Vanuatu",
                "code": "VU",
                "actualCountryCode": "VU"
            },
            {
                "name": "Venezuela",
                "code": "VE",
                "actualCountryCode": "VE"
            },
            {
                "name": "Vietnam",
                "code": "VN",
                "actualCountryCode": "VN"
            },
            {
                "name": "Virgin Islands, US",
                "code": "VI",
                "actualCountryCode": "VI"
            },
            {
                "name": "Wallis and Futuna Islands",
                "code": "WF",
                "actualCountryCode": "WF"
            },
            {
                "name": "Western Sahara",
                "code": "EH",
                "actualCountryCode": "EH"
            },
            {
                "name": "Yemen",
                "code": "YE",
                "actualCountryCode": "YE"
            },
            {
                "name": "Zambia",
                "code": "ZM",
                "actualCountryCode": "ZM"
            },
            {
                "name": "Zimbabwe",
                "code": "ZW",
                "actualCountryCode": "ZW"
            }
        ]
    }
}